<?xml version="1.0" encoding="UTF-8" standalone="no"?><Cuentas><Cuenta id="3"><Nombre>Mohamed</Nombre><Apellidos>Ahmed Ahmed</Apellidos><CCCErroneo>32145464978452163421</CCCErroneo><Empresa>TecnoProyectSL</Empresa><IBANCorrecto>ES7832145464138452163421</IBANCorrecto></Cuenta><Cuenta id="4"><Nombre>Bonifacio</Nombre><Apellidos>Alcoba Alonso</Apellidos><CCCErroneo>31645124013461205164</CCCErroneo><Empresa>Asoftware</Empresa><IBANCorrecto>DK7331645124473461205164</IBANCorrecto></Cuenta><Cuenta id="5"><Nombre>Demetrio</Nombre><Apellidos>Aller Castrillo</Apellidos><CCCErroneo>65614874115615445616</CCCErroneo><Empresa>Asoftware</Empresa><IBANCorrecto>ES8265614874165615445616</IBANCorrecto></Cuenta><Cuenta id="6"><Nombre>Germán</Nombre><Apellidos>Aller Bariales</Apellidos><CCCErroneo>32569523636220165156</CCCErroneo><Empresa>TecnoLeonSL</Empresa><IBANCorrecto>RO8832569523016220165156</IBANCorrecto></Cuenta><Cuenta id="7"><Nombre>Marta</Nombre><Apellidos>Almarza García</Apellidos><CCCErroneo>24561937321546497521</CCCErroneo><Empresa>TecnoProyectSL</Empresa><IBANCorrecto>DE7424561937521546497521</IBANCorrecto></Cuenta><Cuenta id="8"><Nombre>Israel</Nombre><Apellidos>Alonso Rodríguez</Apellidos><CCCErroneo>36520125478451012515</CCCErroneo><Empresa>TecnoLeonSL</Empresa><IBANCorrecto>MC6436520125638451012515</IBANCorrecto></Cuenta><Cuenta id="9"><Nombre>Gabriel</Nombre><Apellidos>Alvarez Moral</Apellidos><CCCErroneo>20125003625201112544</CCCErroneo><Empresa>Asoftware</Empresa><IBANCorrecto>GR9420125003305201112544</IBANCorrecto></Cuenta><Cuenta id="10"><Nombre>Rubén Darío</Nombre><Apellidos>Álvarez Fuertes</Apellidos><CCCErroneo>21651484840980008984</CCCErroneo><Empresa>PBlankSA</Empresa><IBANCorrecto>ES2821651484690980008984</IBANCorrecto></Cuenta><Cuenta id="12"><Nombre>Alencar</Nombre><Apellidos>Alves Lidiane</Apellidos><CCCErroneo>21564975463245467995</CCCErroneo><Empresa>TecnoProyectSL</Empresa><IBANCorrecto>ES7921564975243245467995</IBANCorrecto></Cuenta><Cuenta id="13"><Nombre>Rocío</Nombre><Apellidos>Andrés Gil</Apellidos><CCCErroneo>32566221452587754554</CCCErroneo><Empresa>APhonSA</Empresa><IBANCorrecto>LT8032566221522587754554</IBANCorrecto></Cuenta><Cuenta id="14"><Nombre>Soledad</Nombre><Apellidos>Arias Diez</Apellidos><CCCErroneo>23215465445456411515</CCCErroneo><Empresa>APhonSA</Empresa><IBANCorrecto>EE2023215465315456411515</IBANCorrecto></Cuenta><Cuenta id="15"><Nombre>Vittorio</Nombre><Apellidos>Baglione</Apellidos><CCCErroneo>00750184300702510000</CCCErroneo><Empresa>TecnoProyectSL</Empresa><IBANCorrecto>BE9400750184310702510000</IBANCorrecto></Cuenta><Cuenta id="16"><Nombre>Vittorio</Nombre><Apellidos>Baglione Baglione</Apellidos><CCCErroneo>21584976342154655487</CCCErroneo><Empresa>TecnoProyectSL</Empresa><IBANCorrecto>ES0721584976902154655487</IBANCorrecto></Cuenta><Cuenta id="18"><Nombre>Adolfo</Nombre><Apellidos>Bayon Blanco</Apellidos><CCCErroneo>25894363125485700145</CCCErroneo><Empresa>PBlankSA</Empresa><IBANCorrecto>SM2125894363475485700145</IBANCorrecto></Cuenta><Cuenta id="19"><Nombre>Mauro</Nombre><Apellidos>Belerda Aparicio</Apellidos><CCCErroneo>96431245768150005156</CCCErroneo><Empresa>PBlankSA</Empresa><IBANCorrecto>ES9596431245118150005156</IBANCorrecto></Cuenta><Cuenta id="20"><Nombre>Agustín</Nombre><Apellidos>Benavides Castro</Apellidos><CCCErroneo>25030000694574745458</CCCErroneo><Empresa>PBlankSA</Empresa><IBANCorrecto>AT6825030000114574745458</IBANCorrecto></Cuenta><Cuenta id="21"><Nombre>Luis</Nombre><Apellidos>Benito Benito</Apellidos><CCCErroneo>15953684521254695203</CCCErroneo><Empresa>PBlankSA</Empresa><IBANCorrecto>IT8915953684811254695203</IBANCorrecto></Cuenta><Cuenta id="22"><Nombre>Armando</Nombre><Apellidos>Bienvenido García</Apellidos><CCCErroneo>20960043013096200000</CCCErroneo><Empresa>TecnoProyectSL</Empresa><IBANCorrecto>ES9020960043023096200000</IBANCorrecto></Cuenta><Cuenta id="23"><Nombre>Latifa</Nombre><Apellidos>Boughaza</Apellidos><CCCErroneo>00750184300702510000</CCCErroneo><Empresa>Asoftware</Empresa><IBANCorrecto>DK5800750184310702510000</IBANCorrecto></Cuenta><Cuenta id="24"><Nombre>Latifa Epfouad Erre</Nombre><Apellidos>Boughaza Boughaza</Apellidos><CCCErroneo>23455254353263234457</CCCErroneo><Empresa>TecnoLeonSL</Empresa><IBANCorrecto>ES5023455254943263234457</IBANCorrecto></Cuenta><Cuenta id="26"><Nombre>Antonio</Nombre><Apellidos>Bueno García</Apellidos><CCCErroneo>20960043022159000000</CCCErroneo><Empresa>TecnoLeonSL</Empresa><IBANCorrecto>ES3720960043032159000000</IBANCorrecto></Cuenta><Cuenta id="27"><Nombre>Dorina</Nombre><Apellidos>Bueno González</Apellidos><CCCErroneo>12669681515112121210</CCCErroneo><Empresa>Asoftware</Empresa><IBANCorrecto>DE5512669681115112121210</IBANCorrecto></Cuenta><Cuenta id="28"><Nombre>Elaio</Nombre><Apellidos>Cabero Guerra</Apellidos><CCCErroneo>12121455156115515151</CCCErroneo><Empresa>Asoftware</Empresa><IBANCorrecto>FI9012121455556115515151</IBANCorrecto></Cuenta><Cuenta id="29"><Nombre>Mario</Nombre><Apellidos>Cabero Iglesias</Apellidos><CCCErroneo>56187775465550000651</CCCErroneo><Empresa>TecnoProyectSL</Empresa><IBANCorrecto>ES2956187775315550000651</IBANCorrecto></Cuenta><Cuenta id="30"><Nombre>Concepción</Nombre><Apellidos>Cabeza Quintanilla</Apellidos><CCCErroneo>25516848741156151054</CCCErroneo><Empresa>Asoftware</Empresa><IBANCorrecto>ES0425516848021156151054</IBANCorrecto></Cuenta><Cuenta id="31"><Nombre>María</Nombre><Apellidos>Calleja Vega</Apellidos><CCCErroneo>64578946120051516490</CCCErroneo><Empresa>PBlankSA</Empresa><IBANCorrecto>PT5764578946740051516490</IBANCorrecto></Cuenta><Cuenta id="32"><Nombre>Federico</Nombre><Apellidos>Candanedo Portugues</Apellidos><CCCErroneo>34698752134600549403</CCCErroneo><Empresa>TecnoProyectSL</Empresa><IBANCorrecto>ES4534698752714600549403</IBANCorrecto></Cuenta><Cuenta id="33"><Nombre>Iván</Nombre><Apellidos>Carpintero Cepin</Apellidos><CCCErroneo>66649444572310000255</CCCErroneo><Empresa>PBlankSA</Empresa><IBANCorrecto>ES2766649444162310000255</IBANCorrecto></Cuenta><Cuenta id="34"><Nombre>Serafín</Nombre><Apellidos>Carro Fuertes</Apellidos><CCCErroneo>23185484005641685100</CCCErroneo><Empresa>TecnoLeonSL</Empresa><IBANCorrecto>FR5623185484465641685100</IBANCorrecto></Cuenta><Cuenta id="35"><Nombre>Eulalia</Nombre><Apellidos>Cascallana Jaular</Apellidos><CCCErroneo>52198484632100515144</CCCErroneo><Empresa>TecnoLeonSL</Empresa><IBANCorrecto>ES4352198484752100515144</IBANCorrecto></Cuenta><Cuenta id="36"><Nombre>Gonzalo</Nombre><Apellidos>Castañeda García</Apellidos><CCCErroneo>36250012544785523365</CCCErroneo><Empresa>APhonSA</Empresa><IBANCorrecto>CZ9536250012804785523365</IBANCorrecto></Cuenta><Cuenta id="37"><Nombre>Emiliano</Nombre><Apellidos>Castro Puente</Apellidos><CCCErroneo>22515651565640081000</CCCErroneo><Empresa>Asoftware</Empresa><IBANCorrecto>AT3122515651915640081000</IBANCorrecto></Cuenta><Cuenta id="38"><Nombre>Melisa</Nombre><Apellidos>Castro Sánchez</Apellidos><CCCErroneo>21508149675421346497</CCCErroneo><Empresa>PBlankSA</Empresa><IBANCorrecto>DE5021508149175421346497</IBANCorrecto></Cuenta><Cuenta id="39"><Nombre>Montserrat</Nombre><Apellidos>Cembranos Lombás</Apellidos><CCCErroneo>21346154203164978451</CCCErroneo><Empresa>TecnoLeonSL</Empresa><IBANCorrecto>DE6721346154503164978451</IBANCorrecto></Cuenta><Cuenta id="41"><Nombre>Jesús Manuel</Nombre><Apellidos>Centeno Castro</Apellidos><CCCErroneo>25187786651225455548</CCCErroneo><Empresa>PBlankSA</Empresa><IBANCorrecto>ES7225187786311225455548</IBANCorrecto></Cuenta><Cuenta id="42"><Nombre>José Antonio</Nombre><Apellidos>Cerro Ponga</Apellidos><CCCErroneo>23164897632213030615</CCCErroneo><Empresa>TecnoProyectSL</Empresa><IBANCorrecto>ES4723164897642213030615</IBANCorrecto></Cuenta><Cuenta id="43"><Nombre>Bernardo</Nombre><Apellidos>Chamorro Castellanos</Apellidos><CCCErroneo>96536214585214585214</CCCErroneo><Empresa>TecnoProyectSL</Empresa><IBANCorrecto>ES2396536214865214585214</IBANCorrecto></Cuenta><Cuenta id="44"><Nombre>Nelida</Nombre><Apellidos>Charro Alonso</Apellidos><CCCErroneo>85461325461978750005</CCCErroneo><Empresa>PBlankSA</Empresa><IBANCorrecto>ES6885461325251978750005</IBANCorrecto></Cuenta><Cuenta id="45"><Nombre>Marisa</Nombre><Apellidos>Chen Cedron</Apellidos><CCCErroneo>24587946012003165464</CCCErroneo><Empresa>TecnoProyectSL</Empresa><IBANCorrecto>FI5024587946032003165464</IBANCorrecto></Cuenta><Cuenta id="46"><Nombre>Marta</Nombre><Apellidos>Coello  Castro</Apellidos><CCCErroneo>20960043083071400000</CCCErroneo><Empresa>TecnoProyectSL</Empresa><IBANCorrecto>ES5020960043073071400000</IBANCorrecto></Cuenta><Cuenta id="47"><Nombre>Miguel</Nombre><Apellidos>De la puente Alonso</Apellidos><CCCErroneo>20960043092158800000</CCCErroneo><Empresa>TecnoProyectSL</Empresa><IBANCorrecto>ES8220960043042158800000</IBANCorrecto></Cuenta><Cuenta id="48"><Nombre>Cruz</Nombre><Apellidos>Del amo Flórez</Apellidos><CCCErroneo>21654587165156484454</CCCErroneo><Empresa>APhonSA</Empresa><IBANCorrecto>ES7521654587985156484454</IBANCorrecto></Cuenta><Cuenta id="49"><Nombre>Carmen</Nombre><Apellidos>Diez López</Apellidos><CCCErroneo>51651681001210656510</CCCErroneo><Empresa>Asoftware</Empresa><IBANCorrecto>ES3251651681961210656510</IBANCorrecto></Cuenta><Cuenta id="50"><Nombre>Hugo</Nombre><Apellidos>Echevarria Almanzar</Apellidos><CCCErroneo>66552211448855332200</CCCErroneo><Empresa>TecnoLeonSL</Empresa><IBANCorrecto>ES5566552211148855332200</IBANCorrecto></Cuenta><Cuenta id="52"><Nombre>Souad</Nombre><Apellidos>Elbada</Apellidos><CCCErroneo>01821135900205540000</CCCErroneo><Empresa>Asoftware</Empresa><IBANCorrecto>DE9301821135910205540000</IBANCorrecto></Cuenta><Cuenta id="53"><Nombre>Braulio</Nombre><Apellidos>Feliz Pisabarro</Apellidos><CCCErroneo>22631245246916432102</CCCErroneo><Empresa>TecnoProyectSL</Empresa><IBANCorrecto>DE7822631245526916432102</IBANCorrecto></Cuenta><Cuenta id="54"><Nombre>Ana Isabel</Nombre><Apellidos>Fernández Alaiz</Apellidos><CCCErroneo>20960043013075700000</CCCErroneo><Empresa>TecnoLeonSL</Empresa><IBANCorrecto>ES2120960043043075700000</IBANCorrecto></Cuenta><Cuenta id="55"><Nombre>Ismael</Nombre><Apellidos>Fernández Fresco</Apellidos><CCCErroneo>25635478521002541225</CCCErroneo><Empresa>TecnoLeonSL</Empresa><IBANCorrecto>SM7325635478321002541225</IBANCorrecto></Cuenta><Cuenta id="56"><Nombre>Diana</Nombre><Apellidos>Fidalgo Fernández</Apellidos><CCCErroneo>32154697855423121000</CCCErroneo><Empresa>APhonSA</Empresa><IBANCorrecto>ES6832154697195423121000</IBANCorrecto></Cuenta><Cuenta id="57"><Nombre>Elisa</Nombre><Apellidos>Fidalgo Martínez</Apellidos><CCCErroneo>36521452326500658485</CCCErroneo><Empresa>APhonSA</Empresa><IBANCorrecto>GR3836521452736500658485</IBANCorrecto></Cuenta><Cuenta id="58"><Nombre>Consuelo</Nombre><Apellidos>Francisco López</Apellidos><CCCErroneo>20008521458775113366</CCCErroneo><Empresa>APhonSA</Empresa><IBANCorrecto>GB5520008521528775113366</IBANCorrecto></Cuenta><Cuenta id="59"><Nombre>Rosa</Nombre><Apellidos>Galán Amo</Apellidos><CCCErroneo>51651487560005118185</CCCErroneo><Empresa>TecnoLeonSL</Empresa><IBANCorrecto>ES6851651487910005118185</IBANCorrecto></Cuenta><Cuenta id="61"><Nombre>Eugenio</Nombre><Apellidos>Gallego Álvarez</Apellidos><CCCErroneo>20036525587451152165</CCCErroneo><Empresa>APhonSA</Empresa><IBANCorrecto>ES8220036525257451152165</IBANCorrecto></Cuenta><Cuenta id="63"><Nombre>Elena</Nombre><Apellidos>García García</Apellidos><CCCErroneo>21651651472511133551</CCCErroneo><Empresa>Asoftware</Empresa><IBANCorrecto>ES9021651651812511133551</IBANCorrecto></Cuenta><Cuenta id="64"><Nombre>Lorena</Nombre><Apellidos>García Pasado</Apellidos><CCCErroneo>20960043013000100000</CCCErroneo><Empresa>TecnoProyectSL</Empresa><IBANCorrecto>ES8020960043033000100000</IBANCorrecto></Cuenta><Cuenta id="65"><Nombre>Diego</Nombre><Apellidos>García Fresco</Apellidos><CCCErroneo>36585214520025478551</CCCErroneo><Empresa>APhonSA</Empresa><IBANCorrecto>GB0836585214290025478551</IBANCorrecto></Cuenta><Cuenta id="66"><Nombre>Andrés</Nombre><Apellidos>Getino Serrano</Apellidos><CCCErroneo>12548523695214585214</CCCErroneo><Empresa>Asoftware</Empresa><IBANCorrecto>ES9012548523465214585214</IBANCorrecto></Cuenta><Cuenta id="67"><Nombre>Felix</Nombre><Apellidos>Gomara Iban</Apellidos><CCCErroneo>31624561312546920007</CCCErroneo><Empresa>TecnoLeonSL</Empresa><IBANCorrecto>ES6931624561042546920007</IBANCorrecto></Cuenta><Cuenta id="68"><Nombre>Casimiro</Nombre><Apellidos>González Alonso</Apellidos><CCCErroneo>36154231642500312566</CCCErroneo><Empresa>APhonSA</Empresa><IBANCorrecto>ES1436154231712500312566</IBANCorrecto></Cuenta><Cuenta id="69"><Nombre>Abel</Nombre><Apellidos>González Río</Apellidos><CCCErroneo>44875664957231645789</CCCErroneo><Empresa>TecnoProyectSL</Empresa><IBANCorrecto>ES8244875664127231645789</IBANCorrecto></Cuenta><Cuenta id="71"><Nombre>Nieves</Nombre><Apellidos>Guerra Morán</Apellidos><CCCErroneo>33620012547852100256</CCCErroneo><Empresa>PBlankSA</Empresa><IBANCorrecto>ES1633620012937852100256</IBANCorrecto></Cuenta><Cuenta id="72"><Nombre>Julio Ernesto</Nombre><Apellidos>Gutierrez López</Apellidos><CCCErroneo>33218885651445121022</CCCErroneo><Empresa>APhonSA</Empresa><IBANCorrecto>ES1933218885441445121022</IBANCorrecto></Cuenta><Cuenta id="73"><Nombre>Daniel</Nombre><Apellidos>Herreras Domingo</Apellidos><CCCErroneo>62581542003690044508</CCCErroneo><Empresa>Asoftware</Empresa><IBANCorrecto>ES8462581542713690044508</IBANCorrecto></Cuenta><Cuenta id="74"><Nombre>Rosario</Nombre><Apellidos>Laiz Domínguez</Apellidos><CCCErroneo>25165151488666365100</CCCErroneo><Empresa>PBlankSA</Empresa><IBANCorrecto>ES3925165151118666365100</IBANCorrecto></Cuenta><Cuenta id="75"><Nombre>Fernando</Nombre><Apellidos>Llamazares Ramos</Apellidos><CCCErroneo>20960043013000100000</CCCErroneo><Empresa>TecnoProyectSL</Empresa><IBANCorrecto>ES8020960043033000100000</IBANCorrecto></Cuenta><Cuenta id="76"><Nombre>Nicolás</Nombre><Apellidos>Manzanares Cadenas</Apellidos><CCCErroneo>36952365200014425254</CCCErroneo><Empresa>TecnoProyectSL</Empresa><IBANCorrecto>PT3536952365020014425254</IBANCorrecto></Cuenta><Cuenta id="77"><Nombre>Oscar</Nombre><Apellidos>Márquez Blanco</Apellidos><CCCErroneo>65168874651561561500</CCCErroneo><Empresa>APhonSA</Empresa><IBANCorrecto>ES9565168874641561561500</IBANCorrecto></Cuenta><Cuenta id="78"><Nombre>Juan</Nombre><Apellidos>Martinez Fernandez</Apellidos><CCCErroneo>20960583861234500000</CCCErroneo><Empresa>TecnoProyectSL</Empresa><IBANCorrecto>ES3220960583831234500000</IBANCorrecto></Cuenta><Cuenta id="79"><Nombre>Justina</Nombre><Apellidos>Martínez García</Apellidos><CCCErroneo>21416325881510005514</CCCErroneo><Empresa>APhonSA</Empresa><IBANCorrecto>ES7221416325811510005514</IBANCorrecto></Cuenta><Cuenta id="80"><Nombre>Héctor</Nombre><Apellidos>Melcón Otero</Apellidos><CCCErroneo>32628484114115151115</CCCErroneo><Empresa>TecnoLeonSL</Empresa><IBANCorrecto>LU0932628484504115151115</IBANCorrecto></Cuenta><Cuenta id="81"><Nombre>Carolina</Nombre><Apellidos>Mielgo Gutierrez</Apellidos><CCCErroneo>32562000125478520015</CCCErroneo><Empresa>TecnoProyectSL</Empresa><IBANCorrecto>ES5032562000145478520015</IBANCorrecto></Cuenta><Cuenta id="82"><Nombre>Pilar</Nombre><Apellidos>Molina Vara</Apellidos><CCCErroneo>20960056163231500000</CCCErroneo><Empresa>TecnoProyectSL</Empresa><IBANCorrecto>ES2220960056133231500000</IBANCorrecto></Cuenta><Cuenta id="83"><Nombre>Clementina</Nombre><Apellidos>Montiel Martínes</Apellidos><CCCErroneo>63516541848944000984</CCCErroneo><Empresa>APhonSA</Empresa><IBANCorrecto>ES8163516541828944000984</IBANCorrecto></Cuenta><Cuenta id="84"><Nombre>Miguel Ángel</Nombre><Apellidos>Morala Bernal</Apellidos><CCCErroneo>23658965214585223202</CCCErroneo><Empresa>TecnoProyectSL</Empresa><IBANCorrecto>ES6223658965274585223202</IBANCorrecto></Cuenta><Cuenta id="85"><Nombre>Blas</Nombre><Apellidos>Nuñez Blanco</Apellidos><CCCErroneo>32658012547712548745</CCCErroneo><Empresa>Asoftware</Empresa><IBANCorrecto>FI6132658012367712548745</IBANCorrecto></Cuenta><Cuenta id="86"><Nombre>Pedro</Nombre><Apellidos>Olle Sutil</Apellidos><CCCErroneo>23652365232254222000</CCCErroneo><Empresa>APhonSA</Empresa><IBANCorrecto>ES7223652365142254222000</IBANCorrecto></Cuenta><Cuenta id="87"><Nombre>Paulina</Nombre><Apellidos>Orejas Díez</Apellidos><CCCErroneo>20012541100023365233</CCCErroneo><Empresa>PBlankSA</Empresa><IBANCorrecto>FR3820012541150023365233</IBANCorrecto></Cuenta><Cuenta id="88"><Nombre>Julio Pedro</Nombre><Apellidos>Otero Fernández</Apellidos><CCCErroneo>32584216551684051000</CCCErroneo><Empresa>APhonSA</Empresa><IBANCorrecto>ES9232584216971684051000</IBANCorrecto></Cuenta><Cuenta id="89"><Nombre>Carlos</Nombre><Apellidos>Pardo De la fuente</Apellidos><CCCErroneo>55065688611051056105</CCCErroneo><Empresa>Asoftware</Empresa><IBANCorrecto>ES6855065688761051056105</IBANCorrecto></Cuenta><Cuenta id="90"><Nombre>Cecilia</Nombre><Apellidos>Perez García</Apellidos><CCCErroneo>95485212145484010000</CCCErroneo><Empresa>Asoftware</Empresa><IBANCorrecto>ES7395485212315484010000</IBANCorrecto></Cuenta><Cuenta id="91"><Nombre>Víctor</Nombre><Apellidos>Pérez Pérez</Apellidos><CCCErroneo>21856333256985542360</CCCErroneo><Empresa>TecnoLeonSL</Empresa><IBANCorrecto>LT9321856333126985542360</IBANCorrecto></Cuenta><Cuenta id="92"><Nombre>Clara</Nombre><Apellidos>Presa Álvarez</Apellidos><CCCErroneo>36245978463245679001</CCCErroneo><Empresa>Asoftware</Empresa><IBANCorrecto>ES5736245978133245679001</IBANCorrecto></Cuenta><Cuenta id="93"><Nombre>Ana Belén</Nombre><Apellidos>Prieto Marín</Apellidos><CCCErroneo>31245164326597845124</CCCErroneo><Empresa>Asoftware</Empresa><IBANCorrecto>ES7631245164156597845124</IBANCorrecto></Cuenta><Cuenta id="94"><Nombre>Ramón </Nombre><Apellidos>Prieto García</Apellidos><CCCErroneo>23221158422545471411</CCCErroneo><Empresa>PBlankSA</Empresa><IBANCorrecto>SM4423221158252545471411</IBANCorrecto></Cuenta><Cuenta id="95"><Nombre>Inés</Nombre><Apellidos>Riverto Fuertes</Apellidos><CCCErroneo>32574512025411002255</CCCErroneo><Empresa>TecnoLeonSL</Empresa><IBANCorrecto>SE6832574512085411002255</IBANCorrecto></Cuenta><Cuenta id="97"><Nombre>Francisco</Nombre><Apellidos>Robles Alonso</Apellidos><CCCErroneo>20960043073468900000</CCCErroneo><Empresa>TecnoLeonSL</Empresa><IBANCorrecto>ES4420960043013468900000</IBANCorrecto></Cuenta><Cuenta id="98"><Nombre>Francisco</Nombre><Apellidos>Robles Dominguez</Apellidos><CCCErroneo>31215643125060225021</CCCErroneo><Empresa>TecnoLeonSL</Empresa><IBANCorrecto>ES5631215643855060225021</IBANCorrecto></Cuenta><Cuenta id="99"><Nombre>Tomás</Nombre><Apellidos>Rodríguez García</Apellidos><CCCErroneo>85550564156165145610</CCCErroneo><Empresa>TecnoLeonSL</Empresa><IBANCorrecto>AT3285550564726165145610</IBANCorrecto></Cuenta><Cuenta id="100"><Nombre>Clotilde</Nombre><Apellidos>Rodríguez Labarga</Apellidos><CCCErroneo>65165654648886005001</CCCErroneo><Empresa>APhonSA</Empresa><IBANCorrecto>ES1665165654918886005001</IBANCorrecto></Cuenta><Cuenta id="101"><Nombre>Cristina</Nombre><Apellidos>Salas Benavides</Apellidos><CCCErroneo>26221011898048788896</CCCErroneo><Empresa>Asoftware</Empresa><IBANCorrecto>ES7426221011628048788896</IBANCorrecto></Cuenta><Cuenta id="102"><Nombre>Sara</Nombre><Apellidos>Sánchez Asensio</Apellidos><CCCErroneo>12548521458742146695</CCCErroneo><Empresa>Asoftware</Empresa><IBANCorrecto>ES9712548521518742146695</IBANCorrecto></Cuenta><Cuenta id="103"><Nombre>Encarnación</Nombre><Apellidos>Sánchez Herrero</Apellidos><CCCErroneo>51556584121251000254</CCCErroneo><Empresa>Asoftware</Empresa><IBANCorrecto>IE6851556584221251000254</IBANCorrecto></Cuenta><Cuenta id="105"><Nombre>Dolores</Nombre><Apellidos>Santiago López</Apellidos><CCCErroneo>32541112541220000588</CCCErroneo><Empresa>Asoftware</Empresa><IBANCorrecto>DK9032541112811220000588</IBANCorrecto></Cuenta><Cuenta id="106"><Nombre>Herminia</Nombre><Apellidos>Santín Fernández</Apellidos><CCCErroneo>62541122001110105611</CCCErroneo><Empresa>TecnoLeonSL</Empresa><IBANCorrecto>LT9362541122421110105611</IBANCorrecto></Cuenta><Cuenta id="107"><Nombre>Sonia</Nombre><Apellidos>Sevillano Gomez</Apellidos><CCCErroneo>65645150005168448896</CCCErroneo><Empresa>APhonSA</Empresa><IBANCorrecto>AT8365645150865168448896</IBANCorrecto></Cuenta><Cuenta id="108"><Nombre>Generoso</Nombre><Apellidos>Soto Sánchez</Apellidos><CCCErroneo>26551681877651415636</CCCErroneo><Empresa>TecnoLeonSL</Empresa><IBANCorrecto>IT3526551681807651415636</IBANCorrecto></Cuenta><Cuenta id="109"><Nombre>Sergio</Nombre><Apellidos>Sutil Sánchez</Apellidos><CCCErroneo>99558741226555551120</CCCErroneo><Empresa>TecnoLeonSL</Empresa><IBANCorrecto>HU2399558741836555551120</IBANCorrecto></Cuenta></Cuentas>