<?xml version="1.0"?>
<!DOCTYPE hibernate-mapping PUBLIC "-//Hibernate/Hibernate Mapping DTD 3.0//EN"
"http://www.hibernate.org/dtd/hibernate-mapping-3.0.dtd">
<!-- Generated Mar 6, 2021 7:04:28 PM by Hibernate Tools 4.3.1 -->
<hibernate-mapping>
    <class name="modelo.Categorias" table="categorias" catalog="nominas" optimistic-lock="version">
        <id name="idCategoria" type="int">
            <column name="IdCategoria" />
            <generator class="assigned" />
        </id>
        <property name="nombreCategoria" type="string">
            <column name="NombreCategoria" length="75" />
        </property>
        <property name="salarioBaseCategoria" type="java.lang.Double">
            <column name="SalarioBaseCategoria" precision="22" scale="0" />
        </property>
        <property name="complementoCategoria" type="java.lang.Double">
            <column name="ComplementoCategoria" precision="22" scale="0" />
        </property>
        <set name="trabajadorbbdds" table="trabajadorbbdd" inverse="true" lazy="true" fetch="select">
            <key>
                <column name="IdCategoria" not-null="true" />
            </key>
            <one-to-many class="modelo.Trabajadorbbdd" />
        </set>
    </class>
</hibernate-mapping>
