<?xml version="1.0" encoding="UTF-8" standalone="no"?><Cuentas><Cuenta id="77"><Nombre>Federico</Nombre><Apellidos>Díez Laiz</Apellidos><CCCErroneo>20960056163231500000</CCCErroneo><Empresa>Asoftware</Empresa><IBANCorrecto>ES2220960056133231500000</IBANCorrecto></Cuenta><Cuenta id="79"><Nombre>Eulalia</Nombre><Apellidos>García Márquez</Apellidos><CCCErroneo>23658965214585223202</CCCErroneo><Empresa>TecnoProyectSL</Empresa><IBANCorrecto>ES6223658965274585223202</IBANCorrecto></Cuenta><Cuenta id="82"><Nombre>Melisa</Nombre><Apellidos>Marín Melcón</Apellidos><CCCErroneo>20012541100023365233</CCCErroneo><Empresa>APhonSA</Empresa><IBANCorrecto>FR3820012541150023365233</IBANCorrecto></Cuenta><Cuenta id="99"><Nombre>Mario</Nombre><Apellidos>Herrero Coello </Apellidos><CCCErroneo>65645150005168448896</CCCErroneo><Empresa>Asoftware</Empresa><IBANCorrecto>AT8365645150865168448896</IBANCorrecto></Cuenta><Cuenta id="100"><Nombre>Concepción</Nombre><Apellidos>López De la puente</Apellidos><CCCErroneo>26551681877651415636</CCCErroneo><Empresa>Asoftware</Empresa><IBANCorrecto>IT3526551681807651415636</IBANCorrecto></Cuenta><Cuenta id="103"><Nombre>Iván</Nombre><Apellidos>Sánchez Echevarria</Apellidos><CCCErroneo>51556584121251000254</CCCErroneo><Empresa>TecnoLeonSL</Empresa><IBANCorrecto>IE6851556584221251000254</IBANCorrecto></Cuenta><Cuenta id="105"><Nombre>Diana</Nombre><Apellidos>Martínes Centeno</Apellidos><CCCErroneo>62541122001110105611</CCCErroneo><Empresa>Asoftware</Empresa><IBANCorrecto>LT9362541122421110105611</IBANCorrecto></Cuenta></Cuentas>