<?xml version="1.0" encoding="UTF-8" standalone="no"?><Trabajadores><Trabajador id="39"><Nombre>Sara</Nombre><PrimerApellido>Flórez</PrimerApellido><SegundoApellido>Prieto</SegundoApellido><Empresa>TecnoProyectSL</Empresa><Categoria>Programador</Categoria></Trabajador><Trabajador id="76"><Nombre>María</Nombre><PrimerApellido>Sutil</PrimerApellido><SegundoApellido>Herreras</SegundoApellido><Empresa>TecnoLeonSL</Empresa><Categoria>Programador</Categoria></Trabajador><Trabajador id="89"><Nombre>Marta</Nombre><PrimerApellido>Herrero</PrimerApellido><SegundoApellido/><Empresa>APhonSA</Empresa><Categoria>Ordenanza</Categoria></Trabajador><Trabajador id="93"><Nombre>Hugo</Nombre><PrimerApellido>Sánchez</PrimerApellido><SegundoApellido>Castro</SegundoApellido><Empresa>Asoftware</Empresa><Categoria>Operador</Categoria></Trabajador><Trabajador id="104"><Nombre>Ismael</Nombre><PrimerApellido>Vara</PrimerApellido><SegundoApellido>Cembranos</SegundoApellido><Empresa>TecnoProyectSL</Empresa><Categoria>Analista</Categoria></Trabajador><Trabajador id="107"><Nombre>Nelida</Nombre><PrimerApellido>Blanco</PrimerApellido><SegundoApellido>Chamorro</SegundoApellido><Empresa>TecnoProyectSL</Empresa><Categoria>Jefe división</Categoria></Trabajador><Trabajador id="112"><Nombre>Carmen</Nombre><PrimerApellido>García</PrimerApellido><SegundoApellido>Del amo</SegundoApellido><Empresa>Asoftware</Empresa><Categoria>Operador</Categoria></Trabajador></Trabajadores>