<?xml version="1.0"?>
<!DOCTYPE hibernate-mapping PUBLIC "-//Hibernate/Hibernate Mapping DTD 3.0//EN"
"http://www.hibernate.org/dtd/hibernate-mapping-3.0.dtd">
<!-- Generated 02-mar-2021 11:23:53 by Hibernate Tools 4.3.1 -->
<hibernate-mapping>
    <class name="modelo.Empresas" table="empresas" catalog="nominas" optimistic-lock="version">
        <id name="idEmpresa" type="int">
            <column name="IdEmpresa" />
            <generator class="assigned" />
        </id>
        <property name="nombre" type="string">
            <column name="Nombre" length="100" />
        </property>
        <property name="cif" type="string">
            <column name="CIF" length="10" />
        </property>
        <set name="trabajadorbbdds" table="trabajadorbbdd" inverse="true" lazy="true" fetch="select">
            <key>
                <column name="IdEmpresa" not-null="true" />
            </key>
            <one-to-many class="modelo.Trabajadorbbdd" />
        </set>
    </class>
</hibernate-mapping>
