<?xml version="1.0" encoding="UTF-8" standalone="no"?><Trabajadores><Trabajador id="11"><Nombre>Alencar</Nombre><PrimerApellido>Alves</PrimerApellido><SegundoApellido>Lidiane</SegundoApellido><Empresa>TecnoProyectSL</Empresa><Categoria>Programador</Categoria></Trabajador><Trabajador id="15"><Nombre>Vittorio</Nombre><PrimerApellido>Baglione</PrimerApellido><SegundoApellido>Baglione</SegundoApellido><Empresa>TecnoProyectSL</Empresa><Categoria>Cuidador</Categoria></Trabajador><Trabajador id="22"><Nombre>Latifa Epfouad Erre</Nombre><PrimerApellido>Boughaza</PrimerApellido><SegundoApellido>Boughaza</SegundoApellido><Empresa>TecnoLeonSL</Empresa><Categoria>Auxiliar</Categoria></Trabajador><Trabajador id="71"><Nombre>Fernando</Nombre><PrimerApellido>Llamazares</PrimerApellido><SegundoApellido>Ramos</SegundoApellido><Empresa>TecnoProyectSL</Empresa><Categoria>Jefe de sección</Categoria></Trabajador><Trabajador id="74"><Nombre>Juan</Nombre><PrimerApellido>Martinez</PrimerApellido><SegundoApellido>Fernandez</SegundoApellido><Empresa>TecnoProyectSL</Empresa><Categoria>Operador</Categoria></Trabajador><Trabajador id="78"><Nombre>Pilar</Nombre><PrimerApellido>Molina</PrimerApellido><SegundoApellido>Vara</SegundoApellido><Empresa>TecnoProyectSL</Empresa><Categoria>Analista</Categoria></Trabajador><Trabajador id="83"><Nombre>Paulina</Nombre><PrimerApellido>Orejas</PrimerApellido><SegundoApellido>Díez</SegundoApellido><Empresa>PBlankSA</Empresa><Categoria>Auxiliar</Categoria></Trabajador></Trabajadores>