<?xml version="1.0" encoding="UTF-8" standalone="no"?><Cuentas><Cuenta id="78"><Nombre>Pilar</Nombre><Apellidos>Molina Vara</Apellidos><CCCErroneo>20960056163231500000</CCCErroneo><Empresa>TecnoProyectSL</Empresa><IBANCorrecto>ES2220960056133231500000</IBANCorrecto></Cuenta><Cuenta id="80"><Nombre>Miguel Ángel</Nombre><Apellidos>Morala Bernal</Apellidos><CCCErroneo>23658965214585223202</CCCErroneo><Empresa>TecnoProyectSL</Empresa><IBANCorrecto>ES6223658965274585223202</IBANCorrecto></Cuenta><Cuenta id="83"><Nombre>Paulina</Nombre><Apellidos>Orejas Díez</Apellidos><CCCErroneo>20012541100023365233</CCCErroneo><Empresa>PBlankSA</Empresa><IBANCorrecto>FR3820012541150023365233</IBANCorrecto></Cuenta><Cuenta id="99"><Nombre>Encarnación</Nombre><Apellidos>Sánchez Herrero</Apellidos><CCCErroneo>51556584121251000254</CCCErroneo><Empresa>Asoftware</Empresa><IBANCorrecto>IE6851556584221251000254</IBANCorrecto></Cuenta><Cuenta id="101"><Nombre>Herminia</Nombre><Apellidos>Santín Fernández</Apellidos><CCCErroneo>62541122001110105611</CCCErroneo><Empresa>TecnoLeonSL</Empresa><IBANCorrecto>LT9362541122421110105611</IBANCorrecto></Cuenta><Cuenta id="102"><Nombre>Sonia</Nombre><Apellidos>Sevillano Gomez</Apellidos><CCCErroneo>65645150005168448896</CCCErroneo><Empresa>APhonSA</Empresa><IBANCorrecto>AT8365645150865168448896</IBANCorrecto></Cuenta><Cuenta id="103"><Nombre>Generoso</Nombre><Apellidos>Soto Sánchez</Apellidos><CCCErroneo>26551681877651415636</CCCErroneo><Empresa>TecnoLeonSL</Empresa><IBANCorrecto>IT3526551681807651415636</IBANCorrecto></Cuenta></Cuentas>